{"validation loss": 0.930550754070282, "step": 68, "time": 205.06841135025024, "_timestamp": 1728800767.695856, "_runtime": 275.81133008003235, "_step": 75, "train loss": 0.6531462073326111, "lr": 1.9945942635848745e-06, "_wandb": {"runtime": 277}}