{"validation loss": 0.9021087884902954, "step": 18, "time": 55.35908532142639, "_timestamp": 1728800468.762518, "_runtime": 125.1683189868927, "_step": 20, "train loss": 0.44714653491973877, "lr": [9.230476262104678e-06], "_wandb": {"runtime": 126}}