{"validation loss": 0.9107494354248047, "step": 8, "time": 26.893444538116455, "_timestamp": 1728799890.87417, "_runtime": 100.09825396537781, "_step": 9, "train loss": 0.5683603882789612, "lr": [9.863793318825186e-06]}