{"validation loss": 0.9107494354248047, "step": 3, "time": 13.727778434753418, "_timestamp": 1728800164.3566859, "_runtime": 84.37411975860596, "_step": 4, "train loss": 0.4198716878890991, "lr": [9.988834393115768e-06], "_wandb": {"runtime": 84}}