{"validation loss": 0.9204904437065125, "step": 95, "time": 223.03662824630737, "_timestamp": 1728799334.0594919, "_runtime": 294.3826308250427, "_step": 105, "train loss": 0.6714162230491638, "lr": [0.0], "_wandb": {"runtime": 577}}