{"validation loss": 0.9107494354248047, "step": 4, "time": 15.668970823287964, "_timestamp": 1728800286.7129314, "_runtime": 86.34920740127563, "_step": 5, "train loss": 0.6921772956848145, "lr": [9.975414512725058e-06]}